{
  "average_frame_build_time_millis": 16.34301754385966,
  "90th_percentile_frame_build_time_millis": 16.142,
  "99th_percentile_frame_build_time_millis": 104.682,
  "worst_frame_build_time_millis": 477.959,
  "missed_frame_build_budget_count": 7,
  "average_frame_rasterizer_time_millis": 6.318838709677417,
  "90th_percentile_frame_rasterizer_time_millis": 18.341,
  "99th_percentile_frame_rasterizer_time_millis": 25.225,
  "worst_frame_rasterizer_time_millis": 28.946,
  "missed_frame_rasterizer_budget_count": 7,
  "frame_count": 57,
  "frame_build_times": [
    477959,
    104682,
    98567,
    16234,
    16142,
    15330,
    32158,
    14349,
    1815,
    12454,
    10527,
    1948,
    19363,
    13113,
    13808,
    840,
    1140,
    1312,
    1393,
    1217,
    1618,
    1445,
    1208,
    1184,
    1439,
    10569,
    1829,
    1449,
    1863,
    1265,
    897,
    1186,
    5137,
    1432,
    1283,
    1144,
    1092,
    1376,
    1108,
    2595,
    2509,
    15119,
    1085,
    666,
    1065,
    1107,
    1491,
    1114,
    1258,
    1726,
    1660,
    1530,
    1100,
    1565,
    1298,
    1052,
    737
  ],
  "frame_rasterizer_times": [
    1286,
    3620,
    3190,
    2632,
    3092,
    3271,
    3216,
    3272,
    2640,
    3720,
    2549,
    2704,
    10969,
    2556,
    2627,
    1821,
    7260,
    8124,
    2577,
    2480,
    3163,
    2182,
    2218,
    2273,
    10781,
    11977,
    2013,
    9,
    12211,
    18555,
    21338,
    3085,
    12974,
    3672,
    10484,
    1,
    12004,
    18341,
    10836,
    8314,
    2,
    11652,
    18401,
    2616,
    8664,
    2582,
    3,
    1765,
    1893,
    9762,
    19999,
    28946,
    2672,
    25225,
    2125,
    1,
    2301,
    2643,
    2623,
    2390,
    2530,
    2936
  ]
}