{
  "average_frame_build_time_millis": 78.5604375,
  "90th_percentile_frame_build_time_millis": 358.538,
  "99th_percentile_frame_build_time_millis": 568.517,
  "worst_frame_build_time_millis": 568.517,
  "missed_frame_build_budget_count": 6,
  "average_frame_rasterizer_time_millis": 42.64693333333333,
  "90th_percentile_frame_rasterizer_time_millis": 69.499,
  "99th_percentile_frame_rasterizer_time_millis": 165.643,
  "worst_frame_rasterizer_time_millis": 165.643,
  "missed_frame_rasterizer_budget_count": 11,
  "frame_count": 16,
  "frame_build_times": [
    44853,
    23450,
    9663,
    6588,
    10073,
    27888,
    568517,
    165644,
    11777,
    5415,
    5609,
    7896,
    4663,
    5105,
    358538,
    1288
  ],
  "frame_rasterizer_times": [
    33882,
    23561,
    56920,
    48676,
    46008,
    21262,
    165643,
    10979,
    13147,
    27714,
    33759,
    66277,
    69499,
    11332,
    11045
  ]
}